fighter_a,fighter_b,winner,source_file
Abarene,Adjenna,Abarene,abarene_adjenna_log.txt
Abarene,Alexian,Abarene,abarene_alexian_log.txt
Abarene,Arec,Arec,abarene_arec_log.txt
Abarene,Aria,Abarene,abarene_aria_log.txt
Abarene,Borneo,Abarene,abarene_borneo_log.txt
Abarene,Byron,Abarene,abarene_byron_log.txt
Abarene,Cadenza,Abarene,abarene_cadenza_log.txt
Abarene,Cesar,Abarene,abarene_cesar_log.txt
Abarene,Claus,Abarene,abarene_claus_log.txt
Abarene,Clinhyde,Clinhyde,abarene_clinhyde_log.txt
Abarene,Danny,Abarene,abarene_danny_log.txt
Abarene,Demitras,Abarene,abarene_demitras_log.txt
Abarene,Eligor,Abarene,abarene_eligor_log.txt
Abarene,Gerard,Gerard,abarene_gerard_log.txt
Abarene,Heketch,Abarene,abarene_heketch_log.txt
Abarene,Hikaru,Abarene,abarene_hikaru_log.txt
Abarene,Juto,Abarene,abarene_juto_log.txt
Abarene,Kajia,Kajia,abarene_kajia_log.txt
Abarene,Kallistar,Abarene,abarene_kallistar_log.txt
Abarene,Karin,Abarene,abarene_karin_log.txt
Abarene,Kehrolyn,Abarene,abarene_kehrolyn_log.txt
Abarene,Khadath,Abarene,abarene_khadath_log.txt
Abarene,Lesandra,Abarene,abarene_lesandra_log.txt
Abarene,Lixis,Abarene,abarene_lixis_log.txt
Abarene,Luc,Abarene,abarene_luc_log.txt
Abarene,Lymn,Abarene,abarene_lymn_log.txt
Abarene,Magdelina,Abarene,abarene_magdelina_log.txt
Abarene,Marmelee,Abarene,abarene_marmelee_log.txt
Abarene,Mikhail,Abarene,abarene_mikhail_log.txt
Abarene,Oriana,Abarene,abarene_oriana_log.txt
Abarene,Ottavia,Ottavia,abarene_ottavia_log.txt
Abarene,Rexan,Abarene,abarene_rexan_log.txt
Abarene,Rukyuk,Abarene,abarene_rukyuk_log.txt
Abarene,Runika,Runika,abarene_runika_log.txt
Abarene,Seth,Seth,abarene_seth_log.txt
Abarene,Shekhtur,Abarene,abarene_shekhtur_log.txt
Abarene,Tanis,Abarene,abarene_tanis_log.txt
Abarene,Tatsumi,Abarene,abarene_tatsumi_log.txt
Abarene,Vanaah,Abarene,abarene_vanaah_log.txt
Abarene,Voco,Abarene,abarene_voco_log.txt
Abarene,Zaamassal,Abarene,abarene_zaamassal_log.txt
Adjenna,Alexian,Adjenna,adjenna_alexian_log.txt
Adjenna,Arec,Adjenna,adjenna_arec_log.txt
Adjenna,Aria,Aria,adjenna_aria_log.txt
Adjenna,Borneo,Adjenna,adjenna_borneo_log.txt
Adjenna,Byron,Adjenna,adjenna_byron_log.txt
Adjenna,Cadenza,Adjenna,adjenna_cadenza_log.txt
Adjenna,Cesar,Adjenna,adjenna_cesar_log.txt
Adjenna,Claus,Claus,adjenna_claus_log.txt
Adjenna,Clinhyde,Clinhyde,adjenna_clinhyde_log.txt
Adjenna,Danny,Danny,adjenna_danny_log.txt
Adjenna,Demitras,Adjenna,adjenna_demitras_log.txt
Adjenna,Eligor,Adjenna,adjenna_eligor_log.txt
Adjenna,Gerard,Adjenna,adjenna_gerard_log.txt
Adjenna,Heketch,Adjenna,adjenna_heketch_log.txt
Adjenna,Hikaru,Adjenna,adjenna_hikaru_log.txt
Adjenna,Juto,Adjenna,adjenna_juto_log.txt
Adjenna,Kajia,Adjenna,adjenna_kajia_log.txt
Adjenna,Kallistar,Kallistar,adjenna_kallistar_log.txt
Adjenna,Karin,Karin,adjenna_karin_log.txt
Adjenna,Kehrolyn,Kehrolyn,adjenna_kehrolyn_log.txt
Adjenna,Khadath,Adjenna,adjenna_khadath_log.txt
Adjenna,Lesandra,Adjenna,adjenna_lesandra_log.txt
Adjenna,Lixis,Adjenna,adjenna_lixis_log.txt
Adjenna,Luc,Adjenna,adjenna_luc_log.txt
Adjenna,Lymn,Adjenna,adjenna_lymn_log.txt
Adjenna,Magdelina,Magdelina,adjenna_magdelina_log.txt
Adjenna,Marmelee,Marmelee,adjenna_marmelee_log.txt
Adjenna,Mikhail,Adjenna,adjenna_mikhail_log.txt
Adjenna,Oriana,Adjenna,adjenna_oriana_log.txt
Adjenna,Ottavia,Ottavia,adjenna_ottavia_log.txt
Adjenna,Rexan,Adjenna,adjenna_rexan_log.txt
Adjenna,Rukyuk,Rukyuk,adjenna_rukyuk_log.txt
Adjenna,Runika,Runika,adjenna_runika_log.txt
Adjenna,Seth,Seth,adjenna_seth_log.txt
Adjenna,Shekhtur,Shekhtur,adjenna_shekhtur_log.txt
Adjenna,Tanis,Tanis,adjenna_tanis_log.txt
Adjenna,Tatsumi,Adjenna,adjenna_tatsumi_log.txt
Adjenna,Vanaah,Adjenna,adjenna_vanaah_log.txt
Adjenna,Voco,Adjenna,adjenna_voco_log.txt
Adjenna,Zaamassal,Zaamassal,adjenna_zaamassal_log.txt
Alexian,Arec,Alexian,alexian_arec_log.txt
Alexian,Aria,Aria,alexian_aria_log.txt
Alexian,Borneo,Alexian,alexian_borneo_log.txt
Alexian,Byron,Byron,alexian_byron_log.txt
Alexian,Cesar,Cesar,alexian_cesar_log.txt
Alexian,Claus,Alexian,alexian_claus_log.txt
Alexian,Clinhyde,Alexian,alexian_clinhyde_log.txt
Alexian,Danny,Alexian,alexian_danny_log.txt
Alexian,Demitras,Alexian,alexian_demitras_log.txt
Alexian,Eligor,Eligor,alexian_eligor_log.txt
Alexian,Gerard,Gerard,alexian_gerard_log.txt
Alexian,Heketch,Alexian,alexian_heketch_log.txt
Alexian,Hikaru,Hikaru,alexian_hikaru_log.txt
Alexian,Juto,Alexian,alexian_juto_log.txt
Alexian,Kajia,Kajia,alexian_kajia_log.txt
Alexian,Kallistar,Kallistar,alexian_kallistar_log.txt
Alexian,Karin,Alexian,alexian_karin_log.txt
Alexian,Kehrolyn,Alexian,alexian_kehrolyn_log.txt
Alexian,Khadath,Khadath,alexian_khadath_log.txt
Alexian,Lesandra,Lesandra,alexian_lesandra_log.txt
Alexian,Lixis,Alexian,alexian_lixis_log.txt
Alexian,Luc,Alexian,alexian_luc_log.txt
Alexian,Lymn,Lymn,alexian_lymn_log.txt
Alexian,Magdelina,Magdelina,alexian_magdelina_log.txt
Alexian,Marmelee,Alexian,alexian_marmelee_log.txt
Alexian,Mikhail,Mikhail,alexian_mikhail_log.txt
Alexian,Oriana,Alexian,alexian_oriana_log.txt
Alexian,Ottavia,Ottavia,alexian_ottavia_log.txt
Alexian,Rexan,Rexan,alexian_rexan_log.txt
Alexian,Rukyuk,Alexian,alexian_rukyuk_log.txt
Alexian,Runika,Alexian,alexian_runika_log.txt
Alexian,Seth,Seth,alexian_seth_log.txt
Alexian,Shekhtur,Shekhtur,alexian_shekhtur_log.txt
Alexian,Tanis,Tanis,alexian_tanis_log.txt
Alexian,Tatsumi,Alexian,alexian_tatsumi_log.txt
Alexian,Vanaah,Vanaah,alexian_vanaah_log.txt
Alexian,Voco,Alexian,alexian_voco_log.txt
Alexian,Zaamassal,Alexian,alexian_zaamassal_log.txt
Arec,Aria,Arec,arec_aria_log.txt
Arec,Borneo,Arec,arec_borneo_log.txt
Arec,Byron,Arec,arec_byron_log.txt
Arec,Cadenza,Arec,arec_cadenza_log.txt
Arec,Cesar,Arec,arec_cesar_log.txt
Arec,Claus,Arec,arec_claus_log.txt
Arec,Clinhyde,Arec,arec_clinhyde_log.txt
Arec,Danny,Arec,arec_danny_log.txt
Arec,Demitras,Arec,arec_demitras_log.txt
Arec,Eligor,Arec,arec_eligor_log.txt
Arec,Gerard,Arec,arec_gerard_log.txt
Arec,Heketch,Arec,arec_heketch_log.txt
Arec,Hikaru,Arec,arec_hikaru_log.txt
Arec,Juto,Arec,arec_juto_log.txt
Arec,Kajia,Arec,arec_kajia_log.txt
Arec,Kallistar,Arec,arec_kallistar_log.txt
Arec,Karin,Karin,arec_karin_log.txt
Arec,Kehrolyn,Arec,arec_kehrolyn_log.txt
Arec,Khadath,Arec,arec_khadath_log.txt
Arec,Lesandra,Arec,arec_lesandra_log.txt
Arec,Lixis,Arec,arec_lixis_log.txt
Arec,Luc,Arec,arec_luc_log.txt
Arec,Lymn,Arec,arec_lymn_log.txt
Arec,Magdelina,Arec,arec_magdelina_log.txt
Arec,Marmelee,Arec,arec_marmelee_log.txt
Arec,Mikhail,Arec,arec_mikhail_log.txt
Arec,Oriana,Arec,arec_oriana_log.txt
Arec,Ottavia,Arec,arec_ottavia_log.txt
Arec,Rexan,Rexan,arec_rexan_log.txt
Arec,Rukyuk,Arec,arec_rukyuk_log.txt
Arec,Runika,Arec,arec_runika_log.txt
Arec,Seth,Arec,arec_seth_log.txt
Arec,Shekhtur,Arec,arec_shekhtur_log.txt
Arec,Tanis,Arec,arec_tanis_log.txt
Arec,Tatsumi,Arec,arec_tatsumi_log.txt
Arec,Vanaah,Arec,arec_vanaah_log.txt
Arec,Voco,Voco,arec_voco_log.txt
Arec,Zaamassal,Arec,arec_zaamassal_log.txt
Aria,Borneo,Aria,aria_borneo_log.txt
Aria,Byron,Aria,aria_byron_log.txt
Aria,Cadenza,Cadenza,aria_cadenza_log.txt
Aria,Cesar,Cesar,aria_cesar_log.txt
Aria,Claus,Aria,aria_claus_log.txt
Aria,Clinhyde,Aria,aria_clinhyde_log.txt
Aria,Danny,Aria,aria_danny_log.txt
Aria,Demitras,Aria,aria_demitras_log.txt
Aria,Eligor,Aria,aria_eligor_log.txt
Aria,Gerard,Aria,aria_gerard_log.txt
Aria,Heketch,Aria,aria_heketch_log.txt
Aria,Hikaru,Hikaru,aria_hikaru_log.txt
Aria,Juto,Aria,aria_juto_log.txt
Aria,Kajia,Aria,aria_kajia_log.txt
Aria,Kallistar,Aria,aria_kallistar_log.txt
Aria,Karin,Aria,aria_karin_log.txt
Aria,Kehrolyn,Aria,aria_kehrolyn_log.txt
Aria,Khadath,Aria,aria_khadath_log.txt
Aria,Lesandra,Lesandra,aria_lesandra_log.txt
Aria,Lixis,Aria,aria_lixis_log.txt
Aria,Luc,Aria,aria_luc_log.txt
Aria,Lymn,Aria,aria_lymn_log.txt
Aria,Magdelina,Aria,aria_magdelina_log.txt
Aria,Marmelee,Aria,aria_marmelee_log.txt
Aria,Oriana,Oriana,aria_oriana_log.txt
Aria,Rexan,Rexan,aria_rexan_log.txt
Aria,Rukyuk,Rukyuk,aria_rukyuk_log.txt
Aria,Runika,Aria,aria_runika_log.txt
Aria,Seth,Seth,aria_seth_log.txt
Aria,Shekhtur,Aria,aria_shekhtur_log.txt
Aria,Tanis,Aria,aria_tanis_log.txt
Aria,Tatsumi,Aria,aria_tatsumi_log.txt
Aria,Vanaah,Aria,aria_vanaah_log.txt
Aria,Voco,Aria,aria_voco_log.txt
Aria,Zaamassal,Aria,aria_zaamassal_log.txt
Borneo,Byron,Borneo,borneo_byron_log.txt
Borneo,Cadenza,Cadenza,borneo_cadenza_log.txt
Borneo,Cesar,Borneo,borneo_cesar_log.txt
Borneo,Claus,Claus,borneo_claus_log.txt
Borneo,Clinhyde,Clinhyde,borneo_clinhyde_log.txt
Borneo,Danny,Danny,borneo_danny_log.txt
Borneo,Demitras,Demitras,borneo_demitras_log.txt
Borneo,Eligor,Eligor,borneo_eligor_log.txt
Borneo,Gerard,Gerard,borneo_gerard_log.txt
Borneo,Heketch,Heketch,borneo_heketch_log.txt
Borneo,Hikaru,Hikaru,borneo_hikaru_log.txt
Borneo,Juto,Juto,borneo_juto_log.txt
Borneo,Kajia,Kajia,borneo_kajia_log.txt
Borneo,Kallistar,Kallistar,borneo_kallistar_log.txt
Borneo,Karin,Karin,borneo_karin_log.txt
Borneo,Kehrolyn,Kehrolyn,borneo_kehrolyn_log.txt
Borneo,Khadath,Khadath,borneo_khadath_log.txt
Borneo,Lesandra,Lesandra,borneo_lesandra_log.txt
Borneo,Lixis,Lixis,borneo_lixis_log.txt
Borneo,Luc,Luc,borneo_luc_log.txt
Borneo,Lymn,Lymn,borneo_lymn_log.txt
Borneo,Magdelina,Magdelina,borneo_magdelina_log.txt
Borneo,Marmelee,Marmelee,borneo_marmelee_log.txt
Borneo,Mikhail,Mikhail,borneo_mikhail_log.txt
Borneo,Oriana,Oriana,borneo_oriana_log.txt
Borneo,Ottavia,Ottavia,borneo_ottavia_log.txt
Borneo,Rexan,Rexan,borneo_rexan_log.txt
Borneo,Rukyuk,Rukyuk,borneo_rukyuk_log.txt
Borneo,Runika,Runika,borneo_runika_log.txt
Borneo,Seth,Borneo,borneo_seth_log.txt
Borneo,Shekhtur,Shekhtur,borneo_shekhtur_log.txt
Borneo,Tanis,Tanis,borneo_tanis_log.txt
Borneo,Tatsumi,Tatsumi,borneo_tatsumi_log.txt
Borneo,Vanaah,Vanaah,borneo_vanaah_log.txt
Borneo,Voco,Voco,borneo_voco_log.txt
Borneo,Zaamassal,Zaamassal,borneo_zaamassal_log.txt
Byron,Cadenza,Byron,byron_cadenza_log.txt
Byron,Cesar,Byron,byron_cesar_log.txt
Byron,Claus,Claus,byron_claus_log.txt
Byron,Clinhyde,Clinhyde,byron_clinhyde_log.txt
Byron,Danny,Danny,byron_danny_log.txt
Byron,Demitras,Byron,byron_demitras_log.txt
Byron,Eligor,Byron,byron_eligor_log.txt
Byron,Gerard,Gerard,byron_gerard_log.txt
Byron,Heketch,Byron,byron_heketch_log.txt
Byron,Hikaru,Hikaru,byron_hikaru_log.txt
Byron,Juto,Byron,byron_juto_log.txt
Byron,Kajia,Byron,byron_kajia_log.txt
Byron,Kallistar,Byron,byron_kallistar_log.txt
Byron,Karin,Karin,byron_karin_log.txt
Byron,Kehrolyn,Byron,byron_kehrolyn_log.txt
Byron,Khadath,Khadath,byron_khadath_log.txt
Byron,Lesandra,Byron,byron_lesandra_log.txt
Byron,Lixis,Byron,byron_lixis_log.txt
Byron,Luc,Byron,byron_luc_log.txt
Byron,Lymn,Byron,byron_lymn_log.txt
Byron,Magdelina,Magdelina,byron_magdelina_log.txt
Byron,Marmelee,Byron,byron_marmelee_log.txt
Byron,Mikhail,Mikhail,byron_mikhail_log.txt
Byron,Oriana,Oriana,byron_oriana_log.txt
Byron,Ottavia,Byron,byron_ottavia_log.txt
Byron,Rexan,Byron,byron_rexan_log.txt
Byron,Rukyuk,Rukyuk,byron_rukyuk_log.txt
Byron,Runika,Byron,byron_runika_log.txt
Byron,Seth,Seth,byron_seth_log.txt
Byron,Shekhtur,Shekhtur,byron_shekhtur_log.txt
Byron,Tanis,Tanis,byron_tanis_log.txt
Byron,Tatsumi,Byron,byron_tatsumi_log.txt
Byron,Vanaah,Byron,byron_vanaah_log.txt
Byron,Voco,Byron,byron_voco_log.txt
Byron,Zaamassal,Byron,byron_zaamassal_log.txt
Cadenza,Cesar,Cesar,cadenza_cesar_log.txt
Cadenza,Claus,Cadenza,cadenza_claus_log.txt
Cadenza,Clinhyde,Clinhyde,cadenza_clinhyde_log.txt
Cadenza,Danny,Danny,cadenza_danny_log.txt
Cadenza,Demitras,Demitras,cadenza_demitras_log.txt
Cadenza,Eligor,Cadenza,cadenza_eligor_log.txt
Cadenza,Gerard,Gerard,cadenza_gerard_log.txt
Cadenza,Heketch,Cadenza,cadenza_heketch_log.txt
Cadenza,Hikaru,Hikaru,cadenza_hikaru_log.txt
Cadenza,Juto,Cadenza,cadenza_juto_log.txt
Cadenza,Kajia,Kajia,cadenza_kajia_log.txt
Cadenza,Kallistar,Cadenza,cadenza_kallistar_log.txt
Cadenza,Karin,Cadenza,cadenza_karin_log.txt
Cadenza,Kehrolyn,Cadenza,cadenza_kehrolyn_log.txt
Cadenza,Khadath,Cadenza,cadenza_khadath_log.txt
Cadenza,Lesandra,Cadenza,cadenza_lesandra_log.txt
Cadenza,Lixis,Cadenza,cadenza_lixis_log.txt
Cadenza,Luc,Cadenza,cadenza_luc_log.txt
Cadenza,Lymn,Cadenza,cadenza_lymn_log.txt
Cadenza,Magdelina,Magdelina,cadenza_magdelina_log.txt
Cadenza,Marmelee,Cadenza,cadenza_marmelee_log.txt
Cadenza,Mikhail,Mikhail,cadenza_mikhail_log.txt
Cadenza,Oriana,Cadenza,cadenza_oriana_log.txt
Cadenza,Ottavia,Cadenza,cadenza_ottavia_log.txt
Cadenza,Rexan,Cadenza,cadenza_rexan_log.txt
Cadenza,Runika,Cadenza,cadenza_runika_log.txt
Cadenza,Seth,Seth,cadenza_seth_log.txt
Cadenza,Shekhtur,Shekhtur,cadenza_shekhtur_log.txt
Cadenza,Tanis,Cadenza,cadenza_tanis_log.txt
Cadenza,Tatsumi,Cadenza,cadenza_tatsumi_log.txt
Cadenza,Vanaah,Cadenza,cadenza_vanaah_log.txt
Cadenza,Voco,Cadenza,cadenza_voco_log.txt
Cadenza,Zaamassal,Cadenza,cadenza_zaamassal_log.txt
Cesar,Claus,Cesar,cesar_claus_log.txt
Cesar,Clinhyde,Cesar,cesar_clinhyde_log.txt
Cesar,Danny,Danny,cesar_danny_log.txt
Cesar,Demitras,Demitras,cesar_demitras_log.txt
Cesar,Eligor,Eligor,cesar_eligor_log.txt
Cesar,Gerard,Gerard,cesar_gerard_log.txt
Cesar,Heketch,Heketch,cesar_heketch_log.txt
Cesar,Hikaru,Cesar,cesar_hikaru_log.txt
Cesar,Juto,Cesar,cesar_juto_log.txt
Cesar,Kajia,Cesar,cesar_kajia_log.txt
Cesar,Kallistar,Cesar,cesar_kallistar_log.txt
Cesar,Karin,Cesar,cesar_karin_log.txt
Cesar,Kehrolyn,Kehrolyn,cesar_kehrolyn_log.txt
Cesar,Khadath,Cesar,cesar_khadath_log.txt
Cesar,Lesandra,Lesandra,cesar_lesandra_log.txt
Cesar,Lixis,Cesar,cesar_lixis_log.txt
Cesar,Luc,Cesar,cesar_luc_log.txt
Cesar,Lymn,Cesar,cesar_lymn_log.txt
Cesar,Magdelina,Magdelina,cesar_magdelina_log.txt
Cesar,Marmelee,Marmelee,cesar_marmelee_log.txt
Cesar,Mikhail,Cesar,cesar_mikhail_log.txt
Cesar,Oriana,Oriana,cesar_oriana_log.txt
Cesar,Rexan,Rexan,cesar_rexan_log.txt
Cesar,Rukyuk,Rukyuk,cesar_rukyuk_log.txt
Cesar,Runika,Runika,cesar_runika_log.txt
Cesar,Seth,Seth,cesar_seth_log.txt
Cesar,Shekhtur,Shekhtur,cesar_shekhtur_log.txt
Cesar,Tanis,Cesar,cesar_tanis_log.txt
Cesar,Tatsumi,Cesar,cesar_tatsumi_log.txt
Cesar,Vanaah,Cesar,cesar_vanaah_log.txt
Cesar,Voco,Cesar,cesar_voco_log.txt
Cesar,Zaamassal,Zaamassal,cesar_zaamassal_log.txt
Claus,Clinhyde,Claus,claus_clinhyde_log.txt
Claus,Danny,Danny,claus_danny_log.txt
Claus,Demitras,Claus,claus_demitras_log.txt
Claus,Eligor,Eligor,claus_eligor_log.txt
Claus,Gerard,Claus,claus_gerard_log.txt
Claus,Heketch,Claus,claus_heketch_log.txt
Claus,Hikaru,Claus,claus_hikaru_log.txt
Claus,Juto,Claus,claus_juto_log.txt
Claus,Kajia,Claus,claus_kajia_log.txt
Claus,Kallistar,Claus,claus_kallistar_log.txt
Claus,Karin,Karin,claus_karin_log.txt
Claus,Kehrolyn,Kehrolyn,claus_kehrolyn_log.txt
Claus,Khadath,Khadath,claus_khadath_log.txt
Claus,Lesandra,Lesandra,claus_lesandra_log.txt
Claus,Lixis,Claus,claus_lixis_log.txt
Claus,Luc,Claus,claus_luc_log.txt
Claus,Lymn,Claus,claus_lymn_log.txt
Claus,Magdelina,Magdelina,claus_magdelina_log.txt
Claus,Marmelee,Claus,claus_marmelee_log.txt
Claus,Mikhail,Mikhail,claus_mikhail_log.txt
Claus,Oriana,Claus,claus_oriana_log.txt
Claus,Rexan,Rexan,claus_rexan_log.txt
Claus,Rukyuk,Claus,claus_rukyuk_log.txt
Claus,Runika,Runika,claus_runika_log.txt
Claus,Seth,Seth,claus_seth_log.txt
Claus,Shekhtur,Claus,claus_shekhtur_log.txt
Claus,Tanis,Claus,claus_tanis_log.txt
Claus,Tatsumi,Claus,claus_tatsumi_log.txt
Claus,Vanaah,Vanaah,claus_vanaah_log.txt
Claus,Voco,Claus,claus_voco_log.txt
Claus,Zaamassal,Zaamassal,claus_zaamassal_log.txt
Clinhyde,Danny,Danny,clinhyde_danny_log.txt
Clinhyde,Demitras,Demitras,clinhyde_demitras_log.txt
Clinhyde,Eligor,Clinhyde,clinhyde_eligor_log.txt
Clinhyde,Gerard,Gerard,clinhyde_gerard_log.txt
Clinhyde,Heketch,Heketch,clinhyde_heketch_log.txt
Clinhyde,Hikaru,Hikaru,clinhyde_hikaru_log.txt
Clinhyde,Juto,Clinhyde,clinhyde_juto_log.txt
Clinhyde,Kajia,Kajia,clinhyde_kajia_log.txt
Clinhyde,Kallistar,Clinhyde,clinhyde_kallistar_log.txt
Clinhyde,Karin,Karin,clinhyde_karin_log.txt
Clinhyde,Kehrolyn,Kehrolyn,clinhyde_kehrolyn_log.txt
Clinhyde,Khadath,Khadath,clinhyde_khadath_log.txt
Clinhyde,Lesandra,Clinhyde,clinhyde_lesandra_log.txt
Clinhyde,Lixis,Lixis,clinhyde_lixis_log.txt
Clinhyde,Luc,Clinhyde,clinhyde_luc_log.txt
Clinhyde,Lymn,Clinhyde,clinhyde_lymn_log.txt
Clinhyde,Magdelina,Clinhyde,clinhyde_magdelina_log.txt
Clinhyde,Marmelee,Clinhyde,clinhyde_marmelee_log.txt
Clinhyde,Mikhail,Clinhyde,clinhyde_mikhail_log.txt
Clinhyde,Oriana,Clinhyde,clinhyde_oriana_log.txt
Clinhyde,Ottavia,Clinhyde,clinhyde_ottavia_log.txt
Clinhyde,Rexan,Clinhyde,clinhyde_rexan_log.txt
Clinhyde,Rukyuk,Clinhyde,clinhyde_rukyuk_log.txt
Clinhyde,Runika,Runika,clinhyde_runika_log.txt
Clinhyde,Seth,Clinhyde,clinhyde_seth_log.txt
Clinhyde,Shekhtur,Clinhyde,clinhyde_shekhtur_log.txt
Clinhyde,Tanis,Clinhyde,clinhyde_tanis_log.txt
Clinhyde,Tatsumi,Clinhyde,clinhyde_tatsumi_log.txt
Clinhyde,Vanaah,Clinhyde,clinhyde_vanaah_log.txt
Clinhyde,Voco,Clinhyde,clinhyde_voco_log.txt
Clinhyde,Zaamassal,Zaamassal,clinhyde_zaamassal_log.txt
Danny,Eligor,Eligor,danny_eligor_log.txt
Danny,Gerard,Gerard,danny_gerard_log.txt
Danny,Heketch,Heketch,danny_heketch_log.txt
Danny,Hikaru,Danny,danny_hikaru_log.txt
Danny,Juto,Danny,danny_juto_log.txt
Danny,Kajia,Danny,danny_kajia_log.txt
Danny,Kallistar,Kallistar,danny_kallistar_log.txt
Danny,Karin,Danny,danny_karin_log.txt
Danny,Kehrolyn,Danny,danny_kehrolyn_log.txt
Danny,Khadath,Danny,danny_khadath_log.txt
Danny,Lesandra,Lesandra,danny_lesandra_log.txt
Danny,Lixis,Lixis,danny_lixis_log.txt
Danny,Luc,Danny,danny_luc_log.txt
Danny,Lymn,Danny,danny_lymn_log.txt
Danny,Magdelina,Danny,danny_magdelina_log.txt
Danny,Marmelee,Danny,danny_marmelee_log.txt
Danny,Mikhail,Mikhail,danny_mikhail_log.txt
Danny,Oriana,Danny,danny_oriana_log.txt
Danny,Ottavia,Ottavia,danny_ottavia_log.txt
Danny,Rexan,Danny,danny_rexan_log.txt
Danny,Rukyuk,Danny,danny_rukyuk_log.txt
Danny,Runika,Danny,danny_runika_log.txt
Danny,Seth,Seth,danny_seth_log.txt
Danny,Shekhtur,Danny,danny_shekhtur_log.txt
Danny,Tanis,Danny,danny_tanis_log.txt
Danny,Tatsumi,Danny,danny_tatsumi_log.txt
Danny,Vanaah,Vanaah,danny_vanaah_log.txt
Danny,Voco,Danny,danny_voco_log.txt
Danny,Zaamassal,Danny,danny_zaamassal_log.txt
Demitras,Gerard,Gerard,demitras_gerard_log.txt
Demitras,Heketch,Demitras,demitras_heketch_log.txt
Demitras,Hikaru,Hikaru,demitras_hikaru_log.txt
Demitras,Juto,Demitras,demitras_juto_log.txt
Demitras,Kajia,Demitras,demitras_kajia_log.txt
Demitras,Kallistar,Demitras,demitras_kallistar_log.txt
Demitras,Karin,Karin,demitras_karin_log.txt
Demitras,Kehrolyn,Demitras,demitras_kehrolyn_log.txt
Demitras,Khadath,Khadath,demitras_khadath_log.txt
Demitras,Lesandra,Lesandra,demitras_lesandra_log.txt
Demitras,Lixis,Lixis,demitras_lixis_log.txt
Demitras,Luc,Demitras,demitras_luc_log.txt
Demitras,Lymn,Demitras,demitras_lymn_log.txt
Demitras,Magdelina,Magdelina,demitras_magdelina_log.txt
Demitras,Marmelee,Demitras,demitras_marmelee_log.txt
Demitras,Mikhail,Demitras,demitras_mikhail_log.txt
Demitras,Oriana,Demitras,demitras_oriana_log.txt
Demitras,Ottavia,Ottavia,demitras_ottavia_log.txt
Demitras,Rexan,Demitras,demitras_rexan_log.txt
Demitras,Rukyuk,Demitras,demitras_rukyuk_log.txt
Demitras,Runika,Runika,demitras_runika_log.txt
Demitras,Shekhtur,Demitras,demitras_shekhtur_log.txt
Demitras,Tanis,Tanis,demitras_tanis_log.txt
Demitras,Tatsumi,Tatsumi,demitras_tatsumi_log.txt
Demitras,Vanaah,Demitras,demitras_vanaah_log.txt
Demitras,Voco,Demitras,demitras_voco_log.txt
Demitras,Zaamassal,Zaamassal,demitras_zaamassal_log.txt
Eligor,Gerard,Gerard,eligor_gerard_log.txt
Eligor,Heketch,Eligor,eligor_heketch_log.txt
Eligor,Hikaru,Hikaru,eligor_hikaru_log.txt
Eligor,Juto,Eligor,eligor_juto_log.txt
Eligor,Kajia,Kajia,eligor_kajia_log.txt
Eligor,Kallistar,Eligor,eligor_kallistar_log.txt
Eligor,Karin,Eligor,eligor_karin_log.txt
Eligor,Kehrolyn,Eligor,eligor_kehrolyn_log.txt
Eligor,Khadath,Eligor,eligor_khadath_log.txt
Eligor,Lesandra,Lesandra,eligor_lesandra_log.txt
Eligor,Lixis,Eligor,eligor_lixis_log.txt
Eligor,Luc,Eligor,eligor_luc_log.txt
Eligor,Magdelina,Eligor,eligor_magdelina_log.txt
Eligor,Mikhail,Mikhail,eligor_mikhail_log.txt
Eligor,Oriana,Oriana,eligor_oriana_log.txt
Eligor,Ottavia,Ottavia,eligor_ottavia_log.txt
Eligor,Rexan,Rexan,eligor_rexan_log.txt
Eligor,Rukyuk,Rukyuk,eligor_rukyuk_log.txt
Eligor,Runika,Runika,eligor_runika_log.txt
Eligor,Seth,Seth,eligor_seth_log.txt
Eligor,Shekhtur,Eligor,eligor_shekhtur_log.txt
Eligor,Tanis,Tanis,eligor_tanis_log.txt
Eligor,Vanaah,Eligor,eligor_vanaah_log.txt
Eligor,Voco,Eligor,eligor_voco_log.txt
Eligor,Zaamassal,Zaamassal,eligor_zaamassal_log.txt
Gerard,Heketch,Gerard,gerard_heketch_log.txt
Gerard,Hikaru,Gerard,gerard_hikaru_log.txt
Gerard,Juto,Gerard,gerard_juto_log.txt
Gerard,Kajia,Kajia,gerard_kajia_log.txt
Gerard,Kallistar,Kallistar,gerard_kallistar_log.txt
Gerard,Karin,Gerard,gerard_karin_log.txt
Gerard,Kehrolyn,Gerard,gerard_kehrolyn_log.txt
Gerard,Khadath,Gerard,gerard_khadath_log.txt
Gerard,Lesandra,Gerard,gerard_lesandra_log.txt
Gerard,Lixis,Gerard,gerard_lixis_log.txt
Gerard,Luc,Gerard,gerard_luc_log.txt
Gerard,Lymn,Gerard,gerard_lymn_log.txt
Gerard,Magdelina,Gerard,gerard_magdelina_log.txt
Gerard,Marmelee,Marmelee,gerard_marmelee_log.txt
Gerard,Mikhail,Gerard,gerard_mikhail_log.txt
Gerard,Oriana,Oriana,gerard_oriana_log.txt
Gerard,Ottavia,Gerard,gerard_ottavia_log.txt
Gerard,Rexan,Gerard,gerard_rexan_log.txt
Gerard,Rukyuk,Gerard,gerard_rukyuk_log.txt
Gerard,Runika,Gerard,gerard_runika_log.txt
Gerard,Seth,Seth,gerard_seth_log.txt
Gerard,Shekhtur,Gerard,gerard_shekhtur_log.txt
Gerard,Tanis,Tanis,gerard_tanis_log.txt
Gerard,Tatsumi,Gerard,gerard_tatsumi_log.txt
Gerard,Vanaah,Gerard,gerard_vanaah_log.txt
Gerard,Voco,Gerard,gerard_voco_log.txt
Gerard,Zaamassal,Gerard,gerard_zaamassal_log.txt
Heketch,Hikaru,Hikaru,heketch_hikaru_log.txt
Heketch,Juto,Heketch,heketch_juto_log.txt
Heketch,Kajia,Kajia,heketch_kajia_log.txt
Heketch,Kallistar,Kallistar,heketch_kallistar_log.txt
Heketch,Karin,Heketch,heketch_karin_log.txt
Heketch,Kehrolyn,Kehrolyn,heketch_kehrolyn_log.txt
Heketch,Khadath,Heketch,heketch_khadath_log.txt
Heketch,Lesandra,Heketch,heketch_lesandra_log.txt
Heketch,Lixis,Lixis,heketch_lixis_log.txt
Heketch,Luc,Luc,heketch_luc_log.txt
Heketch,Lymn,Heketch,heketch_lymn_log.txt
Heketch,Magdelina,Magdelina,heketch_magdelina_log.txt
Heketch,Marmelee,Heketch,heketch_marmelee_log.txt
Heketch,Mikhail,Mikhail,heketch_mikhail_log.txt
Heketch,Oriana,Heketch,heketch_oriana_log.txt
Heketch,Ottavia,Heketch,heketch_ottavia_log.txt
Heketch,Rexan,Rexan,heketch_rexan_log.txt
Heketch,Rukyuk,Rukyuk,heketch_rukyuk_log.txt
Heketch,Runika,Runika,heketch_runika_log.txt
Heketch,Seth,Seth,heketch_seth_log.txt
Heketch,Shekhtur,Shekhtur,heketch_shekhtur_log.txt
Heketch,Tanis,Tanis,heketch_tanis_log.txt
Heketch,Tatsumi,Heketch,heketch_tatsumi_log.txt
Heketch,Vanaah,Vanaah,heketch_vanaah_log.txt
Heketch,Voco,Heketch,heketch_voco_log.txt
Hikaru,Juto,Hikaru,hikaru_juto_log.txt
Hikaru,Kajia,Kajia,hikaru_kajia_log.txt
Hikaru,Kallistar,Kallistar,hikaru_kallistar_log.txt
Hikaru,Karin,Hikaru,hikaru_karin_log.txt
Hikaru,Kehrolyn,Kehrolyn,hikaru_kehrolyn_log.txt
Hikaru,Khadath,Khadath,hikaru_khadath_log.txt
Hikaru,Lesandra,Lesandra,hikaru_lesandra_log.txt
Hikaru,Lixis,Hikaru,hikaru_lixis_log.txt
Hikaru,Luc,Hikaru,hikaru_luc_log.txt
Hikaru,Lymn,Hikaru,hikaru_lymn_log.txt
Hikaru,Magdelina,Magdelina,hikaru_magdelina_log.txt
Hikaru,Marmelee,Hikaru,hikaru_marmelee_log.txt
Hikaru,Mikhail,Hikaru,hikaru_mikhail_log.txt
Hikaru,Oriana,Oriana,hikaru_oriana_log.txt
Hikaru,Ottavia,Ottavia,hikaru_ottavia_log.txt
Hikaru,Rexan,Hikaru,hikaru_rexan_log.txt
Hikaru,Rukyuk,Rukyuk,hikaru_rukyuk_log.txt
Hikaru,Runika,Runika,hikaru_runika_log.txt
Hikaru,Seth,Seth,hikaru_seth_log.txt
Hikaru,Shekhtur,Hikaru,hikaru_shekhtur_log.txt
Hikaru,Tanis,Hikaru,hikaru_tanis_log.txt
Hikaru,Tatsumi,Hikaru,hikaru_tatsumi_log.txt
Hikaru,Vanaah,Vanaah,hikaru_vanaah_log.txt
Hikaru,Voco,Hikaru,hikaru_voco_log.txt
Hikaru,Zaamassal,Hikaru,hikaru_zaamassal_log.txt
Juto,Kajia,Kajia,juto_kajia_log.txt
Juto,Kallistar,Kallistar,juto_kallistar_log.txt
Juto,Karin,Karin,juto_karin_log.txt
Juto,Kehrolyn,Kehrolyn,juto_kehrolyn_log.txt
Juto,Khadath,Khadath,juto_khadath_log.txt
Juto,Lesandra,Lesandra,juto_lesandra_log.txt
Juto,Lixis,Lixis,juto_lixis_log.txt
Juto,Luc,Luc,juto_luc_log.txt
Juto,Lymn,Lymn,juto_lymn_log.txt
Juto,Magdelina,Magdelina,juto_magdelina_log.txt
Juto,Marmelee,Marmelee,juto_marmelee_log.txt
Juto,Mikhail,Mikhail,juto_mikhail_log.txt
Juto,Oriana,Oriana,juto_oriana_log.txt
Juto,Ottavia,Ottavia,juto_ottavia_log.txt
Juto,Rexan,Rexan,juto_rexan_log.txt
Juto,Rukyuk,Rukyuk,juto_rukyuk_log.txt
Juto,Runika,Runika,juto_runika_log.txt
Juto,Seth,Seth,juto_seth_log.txt
Juto,Shekhtur,Shekhtur,juto_shekhtur_log.txt
Juto,Tanis,Tanis,juto_tanis_log.txt
Juto,Tatsumi,Tatsumi,juto_tatsumi_log.txt
Juto,Vanaah,Vanaah,juto_vanaah_log.txt
Juto,Voco,Voco,juto_voco_log.txt
Juto,Zaamassal,Zaamassal,juto_zaamassal_log.txt
Kajia,Kallistar,Kallistar,kajia_kallistar_log.txt
Kajia,Karin,Karin,kajia_karin_log.txt
Kajia,Kehrolyn,Kajia,kajia_kehrolyn_log.txt
Kajia,Khadath,Khadath,kajia_khadath_log.txt
Kajia,Lesandra,Kajia,kajia_lesandra_log.txt
Kajia,Lixis,Lixis,kajia_lixis_log.txt
Kajia,Luc,Luc,kajia_luc_log.txt
Kajia,Lymn,Lymn,kajia_lymn_log.txt
Kajia,Magdelina,Magdelina,kajia_magdelina_log.txt
Kajia,Marmelee,Kajia,kajia_marmelee_log.txt
Kajia,Mikhail,Mikhail,kajia_mikhail_log.txt
Kajia,Oriana,Kajia,kajia_oriana_log.txt
Kajia,Ottavia,Ottavia,kajia_ottavia_log.txt
Kajia,Rexan,Rexan,kajia_rexan_log.txt
Kajia,Rukyuk,Rukyuk,kajia_rukyuk_log.txt
Kajia,Runika,Runika,kajia_runika_log.txt
Kajia,Seth,Kajia,kajia_seth_log.txt
Kajia,Shekhtur,Shekhtur,kajia_shekhtur_log.txt
Kajia,Tanis,Tanis,kajia_tanis_log.txt
Kajia,Tatsumi,Kajia,kajia_tatsumi_log.txt
Kajia,Vanaah,Vanaah,kajia_vanaah_log.txt
Kajia,Voco,Kajia,kajia_voco_log.txt
Kajia,Zaamassal,Zaamassal,kajia_zaamassal_log.txt
Kallistar,Karin,Karin,kallistar_karin_log.txt
Kallistar,Kehrolyn,Kallistar,kallistar_kehrolyn_log.txt
Kallistar,Khadath,Khadath,kallistar_khadath_log.txt
Kallistar,Lesandra,Lesandra,kallistar_lesandra_log.txt
Kallistar,Lixis,Kallistar,kallistar_lixis_log.txt
Kallistar,Luc,Luc,kallistar_luc_log.txt
Kallistar,Lymn,Lymn,kallistar_lymn_log.txt
Kallistar,Magdelina,Magdelina,kallistar_magdelina_log.txt
Kallistar,Marmelee,Kallistar,kallistar_marmelee_log.txt
Kallistar,Mikhail,Mikhail,kallistar_mikhail_log.txt
Kallistar,Oriana,Oriana,kallistar_oriana_log.txt
Kallistar,Ottavia,Ottavia,kallistar_ottavia_log.txt
Kallistar,Rexan,Kallistar,kallistar_rexan_log.txt
Kallistar,Rukyuk,Kallistar,kallistar_rukyuk_log.txt
Kallistar,Runika,Kallistar,kallistar_runika_log.txt
Kallistar,Seth,Seth,kallistar_seth_log.txt
Kallistar,Shekhtur,Shekhtur,kallistar_shekhtur_log.txt
Kallistar,Tanis,Tanis,kallistar_tanis_log.txt
Kallistar,Tatsumi,Tatsumi,kallistar_tatsumi_log.txt
Kallistar,Vanaah,Kallistar,kallistar_vanaah_log.txt
Kallistar,Voco,Kallistar,kallistar_voco_log.txt
Kallistar,Zaamassal,Zaamassal,kallistar_zaamassal_log.txt
Karin,Kehrolyn,Karin,karin_kehrolyn_log.txt
Karin,Khadath,Karin,karin_khadath_log.txt
Karin,Lesandra,Lesandra,karin_lesandra_log.txt
Karin,Lixis,Karin,karin_lixis_log.txt
Karin,Luc,Karin,karin_luc_log.txt
Karin,Lymn,Karin,karin_lymn_log.txt
Karin,Magdelina,Karin,karin_magdelina_log.txt
Karin,Marmelee,Karin,karin_marmelee_log.txt
Karin,Mikhail,Karin,karin_mikhail_log.txt
Karin,Oriana,Oriana,karin_oriana_log.txt
Karin,Ottavia,Ottavia,karin_ottavia_log.txt
Karin,Rexan,Rexan,karin_rexan_log.txt
Karin,Rukyuk,Karin,karin_rukyuk_log.txt
Karin,Runika,Runika,karin_runika_log.txt
Karin,Seth,Karin,karin_seth_log.txt
Karin,Shekhtur,Karin,karin_shekhtur_log.txt
Karin,Tanis,Karin,karin_tanis_log.txt
Karin,Tatsumi,Tatsumi,karin_tatsumi_log.txt
Karin,Vanaah,Vanaah,karin_vanaah_log.txt
Karin,Voco,Karin,karin_voco_log.txt
Karin,Zaamassal,Karin,karin_zaamassal_log.txt
Kehrolyn,Khadath,Kehrolyn,kehrolyn_khadath_log.txt
Kehrolyn,Lesandra,Kehrolyn,kehrolyn_lesandra_log.txt
Kehrolyn,Lixis,Kehrolyn,kehrolyn_lixis_log.txt
Kehrolyn,Luc,Luc,kehrolyn_luc_log.txt
Kehrolyn,Lymn,Kehrolyn,kehrolyn_lymn_log.txt
Kehrolyn,Magdelina,Magdelina,kehrolyn_magdelina_log.txt
Kehrolyn,Marmelee,Marmelee,kehrolyn_marmelee_log.txt
Kehrolyn,Mikhail,Kehrolyn,kehrolyn_mikhail_log.txt
Kehrolyn,Oriana,Oriana,kehrolyn_oriana_log.txt
Kehrolyn,Ottavia,Ottavia,kehrolyn_ottavia_log.txt
Kehrolyn,Rukyuk,Kehrolyn,kehrolyn_rukyuk_log.txt
Kehrolyn,Runika,Kehrolyn,kehrolyn_runika_log.txt
Kehrolyn,Shekhtur,Kehrolyn,kehrolyn_shekhtur_log.txt
Kehrolyn,Tanis,Tanis,kehrolyn_tanis_log.txt
Kehrolyn,Tatsumi,Kehrolyn,kehrolyn_tatsumi_log.txt
Kehrolyn,Vanaah,Vanaah,kehrolyn_vanaah_log.txt
Kehrolyn,Voco,Kehrolyn,kehrolyn_voco_log.txt
Kehrolyn,Zaamassal,Zaamassal,kehrolyn_zaamassal_log.txt
Khadath,Lesandra,Lesandra,khadath_lesandra_log.txt
Khadath,Lixis,Khadath,khadath_lixis_log.txt
Khadath,Luc,Khadath,khadath_luc_log.txt
Khadath,Lymn,Khadath,khadath_lymn_log.txt
Khadath,Magdelina,Magdelina,khadath_magdelina_log.txt
Khadath,Marmelee,Khadath,khadath_marmelee_log.txt
Khadath,Mikhail,Mikhail,khadath_mikhail_log.txt
Khadath,Oriana,Oriana,khadath_oriana_log.txt
Khadath,Ottavia,Ottavia,khadath_ottavia_log.txt
Khadath,Rexan,Khadath,khadath_rexan_log.txt
Khadath,Rukyuk,Khadath,khadath_rukyuk_log.txt
Khadath,Runika,Runika,khadath_runika_log.txt
Khadath,Seth,Seth,khadath_seth_log.txt
Khadath,Shekhtur,Khadath,khadath_shekhtur_log.txt
Khadath,Tanis,Tanis,khadath_tanis_log.txt
Khadath,Tatsumi,Tatsumi,khadath_tatsumi_log.txt
Khadath,Vanaah,Vanaah,khadath_vanaah_log.txt
Khadath,Zaamassal,Zaamassal,khadath_zaamassal_log.txt
Lesandra,Lixis,Lesandra,lesandra_lixis_log.txt
Lesandra,Luc,Lesandra,lesandra_luc_log.txt
Lesandra,Lymn,Lesandra,lesandra_lymn_log.txt
Lesandra,Magdelina,Lesandra,lesandra_magdelina_log.txt
Lesandra,Marmelee,Lesandra,lesandra_marmelee_log.txt
Lesandra,Mikhail,Lesandra,lesandra_mikhail_log.txt
Lesandra,Oriana,Lesandra,lesandra_oriana_log.txt
Lesandra,Ottavia,Lesandra,lesandra_ottavia_log.txt
Lesandra,Rexan,Rexan,lesandra_rexan_log.txt
Lesandra,Rukyuk,Lesandra,lesandra_rukyuk_log.txt
Lesandra,Runika,Lesandra,lesandra_runika_log.txt
Lesandra,Seth,Lesandra,lesandra_seth_log.txt
Lesandra,Shekhtur,Shekhtur,lesandra_shekhtur_log.txt
Lesandra,Tanis,Lesandra,lesandra_tanis_log.txt
Lesandra,Tatsumi,Lesandra,lesandra_tatsumi_log.txt
Lesandra,Vanaah,Lesandra,lesandra_vanaah_log.txt
Lesandra,Voco,Lesandra,lesandra_voco_log.txt
Lesandra,Zaamassal,Lesandra,lesandra_zaamassal_log.txt
Lixis,Luc,Lixis,lixis_luc_log.txt
Lixis,Lymn,Lixis,lixis_lymn_log.txt
Lixis,Magdelina,Magdelina,lixis_magdelina_log.txt
Lixis,Marmelee,Marmelee,lixis_marmelee_log.txt
Lixis,Mikhail,Lixis,lixis_mikhail_log.txt
Lixis,Oriana,Oriana,lixis_oriana_log.txt
Lixis,Ottavia,Ottavia,lixis_ottavia_log.txt
Lixis,Rexan,Rexan,lixis_rexan_log.txt
Lixis,Rukyuk,Rukyuk,lixis_rukyuk_log.txt
Lixis,Runika,Lixis,lixis_runika_log.txt
Lixis,Seth,Seth,lixis_seth_log.txt
Lixis,Shekhtur,Shekhtur,lixis_shekhtur_log.txt
Lixis,Tanis,Tanis,lixis_tanis_log.txt
Lixis,Tatsumi,Tatsumi,lixis_tatsumi_log.txt
Lixis,Vanaah,Lixis,lixis_vanaah_log.txt
Lixis,Voco,Lixis,lixis_voco_log.txt
Lixis,Zaamassal,Lixis,lixis_zaamassal_log.txt
Luc,Lymn,Luc,luc_lymn_log.txt
Luc,Magdelina,Magdelina,luc_magdelina_log.txt
Luc,Marmelee,Luc,luc_marmelee_log.txt
Luc,Mikhail,Mikhail,luc_mikhail_log.txt
Luc,Oriana,Luc,luc_oriana_log.txt
Luc,Ottavia,Ottavia,luc_ottavia_log.txt
Luc,Rexan,Luc,luc_rexan_log.txt
Luc,Rukyuk,Rukyuk,luc_rukyuk_log.txt
Luc,Runika,Runika,luc_runika_log.txt
Luc,Seth,Seth,luc_seth_log.txt
Luc,Shekhtur,Shekhtur,luc_shekhtur_log.txt
Luc,Tanis,Tanis,luc_tanis_log.txt
Luc,Tatsumi,Tatsumi,luc_tatsumi_log.txt
Luc,Vanaah,Luc,luc_vanaah_log.txt
Luc,Voco,Voco,luc_voco_log.txt
Luc,Zaamassal,Zaamassal,luc_zaamassal_log.txt
Lymn,Magdelina,Magdelina,lymn_magdelina_log.txt
Lymn,Marmelee,Lymn,lymn_marmelee_log.txt
Lymn,Mikhail,Mikhail,lymn_mikhail_log.txt
Lymn,Oriana,Oriana,lymn_oriana_log.txt
Lymn,Ottavia,Lymn,lymn_ottavia_log.txt
Lymn,Rexan,Rexan,lymn_rexan_log.txt
Lymn,Rukyuk,Rukyuk,lymn_rukyuk_log.txt
Lymn,Runika,Runika,lymn_runika_log.txt
Lymn,Seth,Seth,lymn_seth_log.txt
Lymn,Shekhtur,Shekhtur,lymn_shekhtur_log.txt
Lymn,Tanis,Tanis,lymn_tanis_log.txt
Lymn,Tatsumi,Tatsumi,lymn_tatsumi_log.txt
Lymn,Vanaah,Vanaah,lymn_vanaah_log.txt
Lymn,Voco,Lymn,lymn_voco_log.txt
Lymn,Zaamassal,Zaamassal,lymn_zaamassal_log.txt
Magdelina,Marmelee,Magdelina,magdelina_marmelee_log.txt
Magdelina,Mikhail,Magdelina,magdelina_mikhail_log.txt
Magdelina,Oriana,Oriana,magdelina_oriana_log.txt
Magdelina,Ottavia,Ottavia,magdelina_ottavia_log.txt
Magdelina,Rexan,Magdelina,magdelina_rexan_log.txt
Magdelina,Rukyuk,Rukyuk,magdelina_rukyuk_log.txt
Magdelina,Runika,Magdelina,magdelina_runika_log.txt
Magdelina,Seth,Seth,magdelina_seth_log.txt
Magdelina,Shekhtur,Shekhtur,magdelina_shekhtur_log.txt
Magdelina,Tanis,Tanis,magdelina_tanis_log.txt
Magdelina,Tatsumi,Magdelina,magdelina_tatsumi_log.txt
Magdelina,Vanaah,Magdelina,magdelina_vanaah_log.txt
Magdelina,Voco,Magdelina,magdelina_voco_log.txt
Magdelina,Zaamassal,Magdelina,magdelina_zaamassal_log.txt
Marmelee,Mikhail,Mikhail,marmelee_mikhail_log.txt
Marmelee,Oriana,Oriana,marmelee_oriana_log.txt
Marmelee,Ottavia,Ottavia,marmelee_ottavia_log.txt
Marmelee,Rexan,Marmelee,marmelee_rexan_log.txt
Marmelee,Rukyuk,Rukyuk,marmelee_rukyuk_log.txt
Marmelee,Runika,Runika,marmelee_runika_log.txt
Marmelee,Seth,Seth,marmelee_seth_log.txt
Marmelee,Shekhtur,Shekhtur,marmelee_shekhtur_log.txt
Marmelee,Tanis,Marmelee,marmelee_tanis_log.txt
Marmelee,Tatsumi,Tatsumi,marmelee_tatsumi_log.txt
Marmelee,Vanaah,Vanaah,marmelee_vanaah_log.txt
Marmelee,Voco,Voco,marmelee_voco_log.txt
Marmelee,Zaamassal,Zaamassal,marmelee_zaamassal_log.txt
Mikhail,Oriana,Oriana,mikhail_oriana_log.txt
Mikhail,Ottavia,Ottavia,mikhail_ottavia_log.txt
Mikhail,Rexan,Mikhail,mikhail_rexan_log.txt
Mikhail,Rukyuk,Rukyuk,mikhail_rukyuk_log.txt
Mikhail,Runika,Mikhail,mikhail_runika_log.txt
Mikhail,Seth,Seth,mikhail_seth_log.txt
Mikhail,Shekhtur,Shekhtur,mikhail_shekhtur_log.txt
Mikhail,Tanis,Tanis,mikhail_tanis_log.txt
Mikhail,Tatsumi,Tatsumi,mikhail_tatsumi_log.txt
Mikhail,Vanaah,Mikhail,mikhail_vanaah_log.txt
Mikhail,Voco,Voco,mikhail_voco_log.txt
Mikhail,Zaamassal,Zaamassal,mikhail_zaamassal_log.txt
Oriana,Ottavia,Ottavia,oriana_ottavia_log.txt
Oriana,Rexan,Rexan,oriana_rexan_log.txt
Oriana,Rukyuk,Rukyuk,oriana_rukyuk_log.txt
Oriana,Runika,Runika,oriana_runika_log.txt
Oriana,Seth,Seth,oriana_seth_log.txt
Oriana,Shekhtur,Shekhtur,oriana_shekhtur_log.txt
Oriana,Tanis,Oriana,oriana_tanis_log.txt
Oriana,Tatsumi,Tatsumi,oriana_tatsumi_log.txt
Oriana,Vanaah,Oriana,oriana_vanaah_log.txt
Oriana,Voco,Oriana,oriana_voco_log.txt
Oriana,Zaamassal,Zaamassal,oriana_zaamassal_log.txt
Ottavia,Rexan,Ottavia,ottavia_rexan_log.txt
Ottavia,Rukyuk,Ottavia,ottavia_rukyuk_log.txt
Ottavia,Runika,Ottavia,ottavia_runika_log.txt
Ottavia,Seth,Ottavia,ottavia_seth_log.txt
Ottavia,Shekhtur,Shekhtur,ottavia_shekhtur_log.txt
Ottavia,Tanis,Ottavia,ottavia_tanis_log.txt
Ottavia,Tatsumi,Ottavia,ottavia_tatsumi_log.txt
Ottavia,Vanaah,Ottavia,ottavia_vanaah_log.txt
Ottavia,Voco,Ottavia,ottavia_voco_log.txt
Ottavia,Zaamassal,Ottavia,ottavia_zaamassal_log.txt
Rexan,Rukyuk,Rexan,rexan_rukyuk_log.txt
Rexan,Runika,Runika,rexan_runika_log.txt
Rexan,Seth,Seth,rexan_seth_log.txt
Rexan,Shekhtur,Shekhtur,rexan_shekhtur_log.txt
Rexan,Tatsumi,Tatsumi,rexan_tatsumi_log.txt
Rexan,Vanaah,Rexan,rexan_vanaah_log.txt
Rexan,Voco,Rexan,rexan_voco_log.txt
Rexan,Zaamassal,Zaamassal,rexan_zaamassal_log.txt
Rukyuk,Runika,Rukyuk,rukyuk_runika_log.txt
Rukyuk,Seth,Seth,rukyuk_seth_log.txt
Rukyuk,Shekhtur,Shekhtur,rukyuk_shekhtur_log.txt
Rukyuk,Tanis,Tanis,rukyuk_tanis_log.txt
Rukyuk,Tatsumi,Rukyuk,rukyuk_tatsumi_log.txt
Rukyuk,Vanaah,Vanaah,rukyuk_vanaah_log.txt
Rukyuk,Voco,Rukyuk,rukyuk_voco_log.txt
Rukyuk,Zaamassal,Rukyuk,rukyuk_zaamassal_log.txt
Runika,Seth,Seth,runika_seth_log.txt
Runika,Shekhtur,Runika,runika_shekhtur_log.txt
Runika,Tanis,Tanis,runika_tanis_log.txt
Runika,Vanaah,Runika,runika_vanaah_log.txt
Runika,Voco,Voco,runika_voco_log.txt
Runika,Zaamassal,Zaamassal,runika_zaamassal_log.txt
Seth,Shekhtur,Shekhtur,seth_shekhtur_log.txt
Seth,Tanis,Seth,seth_tanis_log.txt
Seth,Tatsumi,Seth,seth_tatsumi_log.txt
Seth,Vanaah,Seth,seth_vanaah_log.txt
Seth,Voco,Seth,seth_voco_log.txt
Seth,Zaamassal,Seth,seth_zaamassal_log.txt
Shekhtur,Tanis,Tanis,shekhtur_tanis_log.txt
Shekhtur,Tatsumi,Shekhtur,shekhtur_tatsumi_log.txt
Shekhtur,Vanaah,Shekhtur,shekhtur_vanaah_log.txt
Shekhtur,Voco,Shekhtur,shekhtur_voco_log.txt
Shekhtur,Zaamassal,Shekhtur,shekhtur_zaamassal_log.txt
Tanis,Tatsumi,Tanis,tanis_tatsumi_log.txt
Tanis,Vanaah,Tanis,tanis_vanaah_log.txt
Tanis,Voco,Voco,tanis_voco_log.txt
Tanis,Zaamassal,Zaamassal,tanis_zaamassal_log.txt
Tatsumi,Vanaah,Tatsumi,tatsumi_vanaah_log.txt
Tatsumi,Voco,Tatsumi,tatsumi_voco_log.txt
Vanaah,Voco,Vanaah,vanaah_voco_log.txt
Vanaah,Zaamassal,Zaamassal,vanaah_zaamassal_log.txt
Voco,Zaamassal,Zaamassal,voco_zaamassal_log.txt
